Workbook

Sheet Experimentos
A1: Exp. | B1: Qué se agrega | C1: Hipótesis | D1: Estado al 18/10 11:20 | E1: N° semillas | F1: Media | G1: Conclusión
A2: A | B2: Nada (línea base). | C2: Punto de comparación: ¿cuánto rinde el modelo sin variables históricas? | D2: Terminado | E2: =Resultados!H2 -> 4 | F2: =Resultados!I2 -> 390.512 | G2: Es el piso contra el cual se mide todo.
A3: B | B3: Lags 1 y 2 + deltas 1 y 2 de cada variable. | C3: Los valores pasados y sus cambios mejoran la predicción respecto de A. | D3: Terminado (4 semillas) | E3: =Resultados!H3 -> 4 | F3: =Resultados!I3 -> 437.1645 | G3: Mejora unos 47 puntos sobre A, pero F muestra que los lags no hacen falta.
A4: C | B4: Tendencia: pendiente por mínimos cuadrados, ventana de 6 meses. | C4: La dirección en que se mueve cada cliente mejora respecto de A. | D4: Terminado (4 semillas) | E4: =Resultados!H4 -> 4 | F4: =Resultados!I4 -> 415.82175 | G4: Mejora unos 25 puntos sobre A, pero muy por debajo de los deltas.
A5: D | B5: Lags + deltas + tendencia. | C5: Combinar las familias supera a cada una por separado. | D5: Terminado (4 semillas) | E5: =Resultados!H5 -> 4 | F5: =Resultados!I5 -> 440.06725 | G5: Igual a F: combinar no suma nada sobre los deltas solos.
A6: E | B6: Solo lags 1 y 2. | C6: Los lags solos rinden más que la tendencia. | D6: 2 semillas terminadas; 630901 en curso | E6: =Resultados!H6 -> 2 | F6: =Resultados!I6 -> 397.183 | G6: Se rechaza: apenas supera a A (unos 9 puntos) y queda debajo de C.
A7: F | B7: Solo deltas 1 y 2. | C7: Los deltas explican el aporte de B. | D7: 2 semillas terminadas; 630901 en curso | E7: =Resultados!H7 -> 2 | F7: =Resultados!I7 -> 440.965 | G7: Se apoya: iguala o supera a B y D con la mitad de las variables.
A8: G | B8: Tendencia con ventana de 3 meses. | C8: La elección de la ventana de 6 meses no explica el resultado de C. | D8: Preparado, sin correr | E8: =Resultados!H8 -> 0 | F8: =Resultados!I8 | G8: Queda como limitación del informe si no se corre.
A9: H | B9: Tendencia con ventana de 12 meses. | C9: Ídem G con ventana larga. | D9: Preparado, sin correr | E9: =Resultados!H9 -> 0 | F9: =Resultados!I9 | G9: Queda como limitación del informe si no se corre.
A10: I | B10: Tendencia + mínimo, máximo y promedio de la ventana. | C10: Resumir la ventana con más estadísticos mejora a la tendencia sola. | D10: Terminado (10 semillas) | E10: =Resultados!H10 -> 10 | F10: =Resultados!I10 -> 414.7007 | G10: No mejora a C. Los estadísticos absolutos no aportan.
A11: J | B11: Tendencia + ratioavg y ratiomax (valor actual / promedio y máximo de la ventana). | C11: La posición relativa del valor actual aporta más que los valores absolutos. | D11: 1 semilla terminada; 345679 en curso | E11: =Resultados!H11 -> 1 | F11: =Resultados!I11 -> 417.988 | G11: Por ahora equivale a C e I. Falta la segunda semilla.
A12: K | B12: Cambio relativo contra el mes anterior: valor / valor del mes anterior - 1. | C12: El cambio porcentual rinde mejor que el delta en pesos. | D12: 1 semilla terminada; 500009 en curso de envío | E12: =Resultados!H12 -> 1 | F12: =Resultados!I12 -> 411.989 | G12: Se rechaza por ahora: rinde como C y muy por debajo de F. Importa cuánta plata cambió, no el porcentaje.
A13: L | B13: Meses desde la última actividad en 8 variables (débito, Visa, Master, sueldo, homebanking, ATM, app móvil, cajas). | C13: La inactividad prolongada anticipa la baja. | D13: En cola | E13: =Resultados!H13 -> 0 | F13: =Resultados!I13 | G13: Pendiente.

Sheet Resultados
A1: Exp. | B1: Qué agrega | C1: 102191 (profe) | D1: 130517 | E1: 345679 | F1: 500009 | G1: 630901 | H1: N° semillas | I1: Media | J1: Media sin 102191 | K1: Mínimo | L1: Máximo
A2: A | B2: Nada (línea base) | C2: 390.823 | D2: 395.044 | E2: 383.887 | F2: 392.294 | H2: =COUNT(C2:G2) -> 4 | I2: =IFERROR(AVERAGE(C2:G2),"") -> 390.512 | J2: =IFERROR(AVERAGE(D2:G2),"") -> 390.40833 | K2: =IF(H2=0,"",MIN(C2:G2)) -> 383.887 | L2: =IF(H2=0,"",MAX(C2:G2)) -> 395.044
A3: B | B3: Lags 1 y 2 + deltas 1 y 2 | C3: 440.813 | D3: 441.451 | E3: 428.933 | F3: 437.461 | H3: =COUNT(C3:G3) -> 4 | I3: =IFERROR(AVERAGE(C3:G3),"") -> 437.1645 | J3: =IFERROR(AVERAGE(D3:G3),"") -> 435.94833 | K3: =IF(H3=0,"",MIN(C3:G3)) -> 428.933 | L3: =IF(H3=0,"",MAX(C3:G3)) -> 441.451
A4: C | B4: Tendencia (ventana 6 meses) | C4: 410.118 | D4: 418.711 | E4: 422.331 | F4: 412.127 | H4: =COUNT(C4:G4) -> 4 | I4: =IFERROR(AVERAGE(C4:G4),"") -> 415.82175 | J4: =IFERROR(AVERAGE(D4:G4),"") -> 417.723 | K4: =IF(H4=0,"",MIN(C4:G4)) -> 410.118 | L4: =IF(H4=0,"",MAX(C4:G4)) -> 422.331
A5: D | B5: Lags + deltas + tendencia | C5: 449.294 | D5: 430.526 | E5: 437.803 | F5: 442.646 | H5: =COUNT(C5:G5) -> 4 | I5: =IFERROR(AVERAGE(C5:G5),"") -> 440.06725 | J5: =IFERROR(AVERAGE(D5:G5),"") -> 436.99167 | K5: =IF(H5=0,"",MIN(C5:G5)) -> 430.526 | L5: =IF(H5=0,"",MAX(C5:G5)) -> 449.294
A6: E | B6: Solo lags | E6: 393.655 | F6: 400.711 | H6: =COUNT(C6:G6) -> 2 | I6: =IFERROR(AVERAGE(C6:G6),"") -> 397.183 | J6: =IFERROR(AVERAGE(D6:G6),"") -> 397.183 | K6: =IF(H6=0,"",MIN(C6:G6)) -> 393.655 | L6: =IF(H6=0,"",MAX(C6:G6)) -> 400.711
A7: F | B7: Solo deltas | E7: 438.942 | F7: 442.988 | H7: =COUNT(C7:G7) -> 2 | I7: =IFERROR(AVERAGE(C7:G7),"") -> 440.965 | J7: =IFERROR(AVERAGE(D7:G7),"") -> 440.965 | K7: =IF(H7=0,"",MIN(C7:G7)) -> 438.942 | L7: =IF(H7=0,"",MAX(C7:G7)) -> 442.988
A8: G | B8: Tendencia, ventana 3 meses | H8: =COUNT(C8:G8) -> 0 | I8: =IFERROR(AVERAGE(C8:G8),"") | J8: =IFERROR(AVERAGE(D8:G8),"") | K8: =IF(H8=0,"",MIN(C8:G8)) | L8: =IF(H8=0,"",MAX(C8:G8))
A9: H | B9: Tendencia, ventana 12 meses | H9: =COUNT(C9:G9) -> 0 | I9: =IFERROR(AVERAGE(C9:G9),"") | J9: =IFERROR(AVERAGE(D9:G9),"") | K9: =IF(H9=0,"",MIN(C9:G9)) | L9: =IF(H9=0,"",MAX(C9:G9))
A10: I | B10: Tendencia + mín, máx y prom de la ventana | C10: =IFERROR(INDEX('Semillas de I'!$B$2:$B$11,MATCH(102191,'Semillas de I'!$A$2:$A$11,0)),"") | D10: =IFERROR(INDEX('Semillas de I'!$B$2:$B$11,MATCH(130517,'Semillas de I'!$A$2:$A$11,0)),"") | E10: =IFERROR(INDEX('Semillas de I'!$B$2:$B$11,MATCH(345679,'Semillas de I'!$A$2:$A$11,0)),"") -> 412.683 | F10: =IFERROR(INDEX('Semillas de I'!$B$2:$B$11,MATCH(500009,'Semillas de I'!$A$2:$A$11,0)),"") -> 410.572 | G10: =IFERROR(INDEX('Semillas de I'!$B$2:$B$11,MATCH(630901,'Semillas de I'!$A$2:$A$11,0)),"") -> 415.563 | H10: =COUNT('Semillas de I'!B2:B11) -> 10 | I10: =AVERAGE('Semillas de I'!B2:B11) -> 414.7007 | J10: =I10 -> 414.7007 | K10: =MIN('Semillas de I'!B2:B11) -> 406.628 | L10: =MAX('Semillas de I'!B2:B11) -> 431.535
A11: J | B11: Tendencia + ratioavg + ratiomax | F11: 417.988 | H11: =COUNT(C11:G11) -> 1 | I11: =IFERROR(AVERAGE(C11:G11),"") -> 417.988 | J11: =IFERROR(AVERAGE(D11:G11),"") -> 417.988 | K11: =IF(H11=0,"",MIN(C11:G11)) -> 417.988 | L11: =IF(H11=0,"",MAX(C11:G11)) -> 417.988
A12: K | B12: Cambio relativo contra el mes anterior | E12: 411.989 | H12: =COUNT(C12:G12) -> 1 | I12: =IFERROR(AVERAGE(C12:G12),"") -> 411.989 | J12: =IFERROR(AVERAGE(D12:G12),"") -> 411.989 | K12: =IF(H12=0,"",MIN(C12:G12)) -> 411.989 | L12: =IF(H12=0,"",MAX(C12:G12)) -> 411.989
A13: L | B13: Meses desde la última actividad (8 variables) | H13: =COUNT(C13:G13) -> 0 | I13: =IFERROR(AVERAGE(C13:G13),"") | J13: =IFERROR(AVERAGE(D13:G13),"") | K13: =IF(H13=0,"",MIN(C13:G13)) | L13: =IF(H13=0,"",MAX(C13:G13))
A15: Valores: media de los 9 cortes (8000 a 12000 envíos, de a 500) del puntaje público de Kaggle, por semilla. Azul = dato cargado a mano; verde = vínculo a otra hoja; negro = fórmula.
A16: Fuente: descargas de 'kaggle competitions submissions' del 18/10/2026. E 345679 se calculó con sus 9 envíos (media de 393,655). Celdas vacías = corrida sin hacer o en curso.
A17: 'Media sin 102191' excluye la semilla del profesor. En la fila I las columnas por semilla son un recorte; la media, el mínimo y el máximo usan las 10 semillas de la hoja 'Semillas de I'.

Sheet Semillas de I
A1: Semilla | B1: Media de 9 cortes
A2: 100043 | B2: 431.535
A3: 345679 | B3: 412.683
A4: 375017 | B4: 412.026
A5: 450343 | B5: 406.628
A6: 500009 | B6: 410.572
A7: 555557 | B7: 411.646
A8: 630901 | B8: 415.563
A9: 715009 | B9: 409.581
A10: 724427 | B10: 414.451
A11: 999907 | B11: 422.322
A12: Media | B12: =AVERAGE(B2:B11) -> 414.7007
A13: Desvío | B13: =STDEV(B2:B11) -> 7.2362213
A14: Rango | B14: =MAX(B2:B11)-MIN(B2:B11) -> 24.907

Sheet Hipótesis
A1: Hipótesis | B1: Comparación | C1: Evidencia | D1: Veredicto | E1: Solidez estadística
A2: Agregar historia mejora respecto de no tenerla | B2: A contra B, C, D, E, F e I | C2: A ≈ 390; el resto entre 397 y 441. | D2: Sostenida | E2: Diferencias de 25 a 50 puntos, muy por encima del ruido entre semillas (desvío ≈ 7).
A3: Los lags rinden más que la tendencia | B3: E contra C | C3: E ≈ 397; C ≈ 416. | D3: Rechazada para lags solos | E3: E tiene 2 semillas (3 cuando termine 630901).
A4: Lags + deltas rinden más que la tendencia | B4: B contra C y B contra I | C4: B ≈ 437; C ≈ 416; I ≈ 415. | D4: Sostenida | E4: B contra I (4 contra 10 semillas): p ≈ 0,002. D contra C (4 contra 4): p ≈ 0,014.
A5: Los deltas solos explican la mejora | B5: F contra B y D | C5: F ≈ 441; B ≈ 437; D ≈ 440. | D5: Apoyada | E5: F contra I (2 contra 10): p ≈ 0,015. Con la tercera semilla mejora.
A6: Combinar familias mejora respecto de una sola | B6: D contra F y B | C6: D ≈ F; D apenas arriba de B. | D6: Rechazada | E6: La diferencia D contra F es menor que 1 punto en las dos semillas comunes.
A7: Resumir la ventana (mín, máx, prom) mejora a la tendencia | B7: I contra C | C7: I ≈ 415; C ≈ 416. | D7: Rechazada | E7: I tiene 10 semillas; sin diferencia.
A8: Los ratios contra la ventana aportan | B8: J contra C | C8: J = 418,0 (500009) contra C = 412,1. | D8: Sin diferencia aparente | E8: 1 semilla; falta 345679.
A9: El cambio relativo supera al delta en pesos | B9: K contra F | C9: K = 412,0 contra F = 438,9 (semilla 345679). | D9: Rechazada por ahora | E9: 1 semilla; falta 500009.
A10: La inactividad prolongada anticipa la baja | B10: L contra A y B | C10: Sin resultados. | D10: Pendiente | E10: En cola.

Sheet Notas
A1: Notas y limitaciones
A3: Todos los puntajes son del leaderboard público de Kaggle; el privado puede diferir.
A4: Cada experimento hace su propia búsqueda de hiperparámetros (optimización bayesiana, 50 evaluaciones, AUC en validación 202107), por lo que parte de la diferencia puede venir de ahí.
A5: La semilla 102191 es la del profesor; por eso se reporta aparte ('Media sin 102191'). Sin ella, A, B, C y D quedan con 3 semillas cada una.
A6: Partición: entrenamiento 201901 a 202105, validación 202107, entrenamiento final hasta 202107, predicción 202109. Cortes de 8000 a 12000 clientes, de a 500.
A7: El ruido entre semillas es grande: con la misma configuración (I, 10 semillas) el rango es de unos 25 puntos. Por eso se comparan medias entre semillas y no máximos de un corte.
A8: El límite de 100 envíos diarios de Kaggle (se renueva a las 21:00, Buenos Aires) retrasó algunos envíos, que se subieron a mano después.
A9: La descarga del listado de Kaggle se corta en 200 filas; los valores de las corridas viejas provienen de descargas anteriores.
A10: Los textos de las hojas 'Experimentos' e 'Hipótesis' reflejan el estado al 18/10/2026 11:20 (hora de Buenos Aires); los números de 'Resultados' son los de referencia.
A11: Pendientes: J 345679, K 500009 (envíos), L (2 semillas), E y F con 630901, y G y H si hay tiempo.
